﻿Show_Id,Category,Director,Country,Rating,R.year,Film,Genre,Budget,profit
s1,TV Show,Jorge Michel Grau,Brazil,TV-MA,2005,Zack and Miri Make a Porno,Romance,300,2%
s2,Movie,Jorge Michel Grau,uk,TV-MA,2001,Youth in Revolt,Comedy,200,7%
s3,Movie,Gilbert Chan,uk,R,2005,You Will Meet a Tall Dark Stranger,Comedy,250,6%
s4,Movie,Shane Acker,usa,PG-13,2001,When in Rome,Comedy,200,8%
s5,Movie,Robert Luketic,usa,PG-13,2005,What Happens in Vegas,Comedy,140,2%
s6,TV Show,Serdar Akar,Brazil,TV-MA,2001,Water For Elephants,Drama,250,3%
s7,Movie,Jorge Michel Grau,Egypt,TV-MA,2003,WALL-E,Animation,130,10%
s8,Movie,Cristina Jacob,usa,R,2005,Waitress,Romance,130,9%
s9,Movie,Shravan Kumar,India,TV-14,2006,Waiting For Forever,Romance,130,4%
s10,Movie,Vikram Bhatt,India,TV-MA,2003,Valentine's Day,Comedy,365,5%
s11,Movie,Zak Hilditch,usa,TV-MA,2002,Tyler Perry's Why Did I get Married,Romance,440,1%
s12,TV Show,Jorge Michel Grau,usa,TV-MA,2006,Twilight: Breaking Dawn,Romance,300,7%
s13,TV Show,Shane Acker,usa,TV-MA,2006,Twilight,Romance,200,6%
s14,Movie,Jorge Michel Grau,Brazil,TV-MA,2006,The Ugly Truth,Comedy,250,8%
s15,Movie,John Suits,Korea,R,2003,The Twilight Saga: New Moon,Drama,200,2%
s16,Movie,Kunle Afolayan,Korea,TV-14,2006,The Time Traveler's Wife,Drama,140,3%
s17,TV Show,Jorge Michel Grau,uk,TV-14,2007,The Proposal,Comedy,250,10%
s18,Movie,Shane Acker,usa,R,2006,The Invention of Lying,Comedy,175,9%
s19,Movie,Vikram Bhatt,India,TV-14,2003,The Heartbreak Kid,Comedy,300,7%
s20,Movie,Shane Acker,uk,TV-PG,2007,The Duchess,Drama,300,6%
s21,Movie,Vikram Bhatt,India,TV-14,2007,The Curious Case of Benjamin Button,Fantasy,140,8%
s22,Movie,Vijay Milton,India,TV-14,2003,The Back-up Plan,Comedy,250,2%
s23,Movie,Jorge Michel Grau,India,TV-14,2007,Tangled,Animation,175,3%
s24,Movie,Atanu Ghosh,India,TV-14,2007,Something Borrowed,Romance,130,10%
s25,TV Show,Vikram Bhatt,Korea,TV-14,2006,She's Out of My League,Comedy,130,9%
s26,Movie,Atanu Ghosh,usa,NR,2008,Sex and the City Two,Comedy,365,10%
s27,TV Show,Vikram Bhatt,usa,TV-MA,2008,Sex and the City 2,Comedy,440,9%
s28,Movie,Vikram Bhatt,Brazil,TV-MA,2006,Sex and the City,Comedy,300,3%
s29,Movie,Atanu Ghosh,Korea,TV-14,2008,Remember Me,Drama,200,10%
s30,TV Show,Vikram Bhatt,usa,TV-MA,2006,Rachel Getting Married,Drama,200,9%
s31,Movie,Atanu Ghosh,Brazil,TV-14,2008,Penelope,Comedy,200,7%
s32,Movie,Rako Prijanto,Brazil,TV-G,2008,P.S. I Love You,Romance,140,6%
s33,Movie,Rako Prijanto,Brazil,TV-G,2009,Over Her Dead Body,Comedy,250,8%
s34,Movie,Cristina Jacob,usa,TV-14,2009,Our Family Wedding,Comedy,175,6%
s35,Movie,Jorge Michel Grau,Brazil,TV-14,2003,One Day,Romance,140,8%
s36,Movie,Atanu Ghosh,usa,TV-PG,2009,Not Easily Broken,Drama,250,2%
s37,Movie,Cristina Jacob,usa,TV-MA,2009,No Reservations,Comedy,175,3%
s38,Movie,Cristina Jacob,usa,TV-MA,2009,Nick and Norah's Infinite Playlist,Comedy,130,10%
s39,TV Show,Cristina Jacob,,TV-14,2009,New Year's Eve,Romance,130,9%
s40,Movie,Frank Ariza,Korea,TV-MA,2006,My Week with Marilyn,Drama,365,3%
s41,Movie,Frank Ariza,Brazil,TV-14,2010,Music and Lyrics,Romance,440,10%
s42,Movie,Vikram Bhatt,Brazil,TV-MA,2010,Monte Carlo,Romance,300,9%
s43,Movie,Vikram Bhatt,Korea,TV-MA,2010,Miss Pettigrew Lives for a Day,Comedy,200,7%
s44,Movie,Kenneth Gyang,Brazil,TV-MA,2010,Midnight in Paris,Romence,175,6%
s45,Movie,Karyn Kusama,usa,PG-13,2010,Marley and Me,Comedy,200,8%
s46,TV Show,Cristina Jacob,Turkey,TV-MA,2010,Mamma Mia!,Comedy,50,2%
s47,Movie,Adam Deyoe,usa,TV-PG,2006,Mamma Mia!,Comedy,50,3%
s48,Movie,Leif Tilden,usa,TV-14,2003,Made of Honor,Comdy,350,10%
s49,Movie,Adze Ugah,uk,TV-14,2011,Love Happens,Drama,440,9%
s50,Movie,Nicolas Brossette,France,TV-14,2011,Love & Other Drugs,Comedy,250,7%
s51,Movie,Roland Emmerich,usa,PG-13,2006,Life as We Know It,Comedy,175,6%
s52,TV Show,Frank Ariza,Korea,TV-14,2011,License to Wed,Comedy,350,8%
s53,Movie,Cristina Jacob,Korea,TV-MA,2011,Letters to Juliet,Comedy,440,2%
s54,TV Show,Vikram Bhatt,usa,TV-14,2003,Leap Year,Comedy,250,3%
s55,Movie,Marcel Barrena,uk,TV-MA,2011,Knocked Up,Comedy,175,3%
s56,Movie,Frank Ariza,usa,TV-Y,2011,Killers,Action,350,7%
s57,Movie,Melinda Janko,usa,TV-14,2012,Just Wright,Comedy,440,6%
s58,Movie,Jastis Arimba,Brazil,TV-14,2012,Jane Eyre,Romance,250,8%
s59,TV Show,Cristina Jacob,uk,TV-14,2003,It's Complicated,Comedy,175,2%
s60,Movie,Shrihari Sathe,India,TV-14,2012,I Love You Phillip Morris,Comedy,200,3%
s61,Movie,Sam Upton,usa,TV-MA,2003,High School Musical 3: Senior Year,Comedy,130,10%
s62,TV Show,Vikram Bhatt,Korea,TV-14,2012,He's Just Not That Into You,Comedy,130,9%
s63,Movie,Victor Zarcoff,usa,NR,2012,Good Luck Chuck,Comedy,365,7%
s64,TV Show,Vikram Bhatt,usa,TV-MA,2012,Going the Distance,Comedy,440,6%
s65,TV Show,Cristina Jacob,usa,TV-MA,2006,Gnomeo and Juliet,Animation,300,8%
s66,Movie,Daniel Stamm,usa,R,2006,Gnomeo and Juliet,Animation,200,2%
s67,Movie,Ava DuVernay,usa,TV-MA,2013,Ghosts of Girlfriends Past,Comedy,130,3%
s68,Movie,Vikram Bhatt,usa,,2003,Four Christmases,Comedy,130,10%
s69,Movie,Daniel Lee,usa,R,2013,Fireproof,Drama,365,9%
